{"cameraMode":{"drawMode":0,"name":"Shaded","section":"Shading Mode"},"sceneLighting":false,"audioPlay":false,"sceneViewState":{"showFog":false,"showMaterialUpdate":false,"showSkybox":false,"showFlares":false,"showImageEffects":false,"showParticleSystems":false},"in2DMode":false,"pivot":{"x":-5.911626815795898,"y":2.214165687561035,"z":3.1371688842773439},"rotation":{"x":-0.08592510968446732,"y":0.891287624835968,"z":-0.19026042520999909,"w":-0.40252232551574709},"size":11.190845489501954,"orthographic":false}