{"cameraMode":{"drawMode":0,"name":"Shaded","section":"Shading Mode"},"sceneLighting":true,"audioPlay":false,"sceneViewState":{"showFog":true,"showMaterialUpdate":true,"showSkybox":true,"showFlares":true,"showImageEffects":true,"showParticleSystems":true},"in2DMode":false,"pivot":{"x":-5.911626815795898,"y":2.214165687561035,"z":3.1371688842773439},"rotation":{"x":-0.08592510968446732,"y":0.891287624835968,"z":-0.19026042520999909,"w":-0.40252232551574709},"size":11.976299285888672,"orthographic":false}