{"cameraMode":{"drawMode":0,"name":"Shaded","section":"Shading Mode"},"sceneLighting":false,"audioPlay":false,"sceneViewState":{"showFog":true,"showMaterialUpdate":true,"showSkybox":true,"showFlares":true,"showImageEffects":true,"showParticleSystems":true},"in2DMode":false,"pivot":{"x":4.121390342712402,"y":6.758798599243164,"z":8.808905601501465},"rotation":{"x":-0.08592510968446732,"y":0.891287624835968,"z":-0.19026042520999909,"w":-0.40252232551574709},"size":6.332140922546387,"orthographic":false}