{"cameraMode":{"drawMode":0,"name":"Shaded","section":"Shading Mode"},"sceneLighting":false,"audioPlay":false,"sceneViewState":{"showFog":true,"showMaterialUpdate":false,"showSkybox":true,"showFlares":true,"showImageEffects":true,"showParticleSystems":true},"in2DMode":false,"pivot":{"x":0.13793206214904786,"y":0.7408182621002197,"z":0.0009751319885253906},"rotation":{"x":0.2950266897678375,"y":0.6447266340255737,"z":-0.297510027885437,"w":0.6393548846244812},"size":12.075037002563477,"orthographic":false}