{"cameraMode":{"drawMode":0,"name":"Shaded","section":"Shading Mode"},"sceneLighting":false,"audioPlay":false,"sceneViewState":{"showFog":true,"showMaterialUpdate":false,"showSkybox":true,"showFlares":true,"showImageEffects":true,"showParticleSystems":true},"in2DMode":false,"pivot":{"x":0.25344914197921755,"y":9.881793975830079,"z":-0.06938233971595764},"rotation":{"x":0.2950266897678375,"y":0.6447266340255737,"z":-0.297510027885437,"w":0.6393548846244812},"size":5.1320037841796879,"orthographic":false}